,ID,OPERATION,DETECTION_TIME,DESCRIPTION,STRUCTURAL_REFERENCE,DATA_REFERENCE,NEW_LOCATION,USER_ID,VERSION_1,VERSION_2
0,1,insert,2023-04-13 16:13:10.224211,Yes,,Married,,1,https://raw.githubusercontent.com/alex-randles/Change-Detection-System-Examples/main/version_1_files/loans-v1.csv,https://raw.githubusercontent.com/alex-randles/Change-Detection-System-Examples/main/version_2_files/loans-v1.csv
1,11,insert,2023-04-13 16:13:10.224211,Yes,,Married,,1,https://raw.githubusercontent.com/alex-randles/Change-Detection-System-Examples/main/version_1_files/loans-v1.csv,https://raw.githubusercontent.com/alex-randles/Change-Detection-System-Examples/main/version_2_files/loans-v1.csv
2,21,insert,2023-04-13 16:13:10.224211,Yes,,Married,,1,https://raw.githubusercontent.com/alex-randles/Change-Detection-System-Examples/main/version_1_files/loans-v1.csv,https://raw.githubusercontent.com/alex-randles/Change-Detection-System-Examples/main/version_2_files/loans-v1.csv
3,31,insert,2023-04-13 16:13:10.224211,Yes,,Married,,1,https://raw.githubusercontent.com/alex-randles/Change-Detection-System-Examples/main/version_1_files/loans-v1.csv,https://raw.githubusercontent.com/alex-randles/Change-Detection-System-Examples/main/version_2_files/loans-v1.csv
4,41,insert,2023-04-13 16:13:10.224211,No,,Married,,1,https://raw.githubusercontent.com/alex-randles/Change-Detection-System-Examples/main/version_1_files/loans-v1.csv,https://raw.githubusercontent.com/alex-randles/Change-Detection-System-Examples/main/version_2_files/loans-v1.csv
5,51,insert,2023-04-13 16:13:10.224211,Yes,,Married,,1,https://raw.githubusercontent.com/alex-randles/Change-Detection-System-Examples/main/version_1_files/loans-v1.csv,https://raw.githubusercontent.com/alex-randles/Change-Detection-System-Examples/main/version_2_files/loans-v1.csv
6,61,insert,2023-04-13 16:13:10.224211,No,,Married,,1,https://raw.githubusercontent.com/alex-randles/Change-Detection-System-Examples/main/version_1_files/loans-v1.csv,https://raw.githubusercontent.com/alex-randles/Change-Detection-System-Examples/main/version_2_files/loans-v1.csv
7,71,insert,2023-04-13 16:13:10.224211,Yes,,Married,,1,https://raw.githubusercontent.com/alex-randles/Change-Detection-System-Examples/main/version_1_files/loans-v1.csv,https://raw.githubusercontent.com/alex-randles/Change-Detection-System-Examples/main/version_2_files/loans-v1.csv
8,81,insert,2023-04-13 16:13:10.224211,Yes,,Married,,1,https://raw.githubusercontent.com/alex-randles/Change-Detection-System-Examples/main/version_1_files/loans-v1.csv,https://raw.githubusercontent.com/alex-randles/Change-Detection-System-Examples/main/version_2_files/loans-v1.csv
9,91,insert,2023-04-13 16:13:10.224211,No,,Married,,1,https://raw.githubusercontent.com/alex-randles/Change-Detection-System-Examples/main/version_1_files/loans-v1.csv,https://raw.githubusercontent.com/alex-randles/Change-Detection-System-Examples/main/version_2_files/loans-v1.csv
10,101,insert,2023-04-13 16:13:10.224211,No,,Married,,1,https://raw.githubusercontent.com/alex-randles/Change-Detection-System-Examples/main/version_1_files/loans-v1.csv,https://raw.githubusercontent.com/alex-randles/Change-Detection-System-Examples/main/version_2_files/loans-v1.csv
11,111,insert,2023-04-13 16:13:10.224211,Yes,,Married,,1,https://raw.githubusercontent.com/alex-randles/Change-Detection-System-Examples/main/version_1_files/loans-v1.csv,https://raw.githubusercontent.com/alex-randles/Change-Detection-System-Examples/main/version_2_files/loans-v1.csv
12,121,insert,2023-04-13 16:13:10.224211,No,,Married,,1,https://raw.githubusercontent.com/alex-randles/Change-Detection-System-Examples/main/version_1_files/loans-v1.csv,https://raw.githubusercontent.com/alex-randles/Change-Detection-System-Examples/main/version_2_files/loans-v1.csv
13,131,insert,2023-04-13 16:13:10.224211,Yes,,Married,,1,https://raw.githubusercontent.com/alex-randles/Change-Detection-System-Examples/main/version_1_files/loans-v1.csv,https://raw.githubusercontent.com/alex-randles/Change-Detection-System-Examples/main/version_2_files/loans-v1.csv
14,141,insert,2023-04-13 16:13:10.224211,No,,Married,,1,https://raw.githubusercontent.com/alex-randles/Change-Detection-System-Examples/main/version_1_files/loans-v1.csv,https://raw.githubusercontent.com/alex-randles/Change-Detection-System-Examples/main/version_2_files/loans-v1.csv
15,151,insert,2023-04-13 16:13:10.224211,No,,Married,,1,https://raw.githubusercontent.com/alex-randles/Change-Detection-System-Examples/main/version_1_files/loans-v1.csv,https://raw.githubusercontent.com/alex-randles/Change-Detection-System-Examples/main/version_2_files/loans-v1.csv
16,161,insert,2023-04-13 16:13:10.224211,Yes,,Married,,1,https://raw.githubusercontent.com/alex-randles/Change-Detection-System-Examples/main/version_1_files/loans-v1.csv,https://raw.githubusercontent.com/alex-randles/Change-Detection-System-Examples/main/version_2_files/loans-v1.csv
17,171,insert,2023-04-13 16:13:10.224211,Yes,,Married,,1,https://raw.githubusercontent.com/alex-randles/Change-Detection-System-Examples/main/version_1_files/loans-v1.csv,https://raw.githubusercontent.com/alex-randles/Change-Detection-System-Examples/main/version_2_files/loans-v1.csv
18,181,insert,2023-04-13 16:13:10.224211,Yes,,Married,,1,https://raw.githubusercontent.com/alex-randles/Change-Detection-System-Examples/main/version_1_files/loans-v1.csv,https://raw.githubusercontent.com/alex-randles/Change-Detection-System-Examples/main/version_2_files/loans-v1.csv
19,191,insert,2023-04-13 16:13:10.224211,No,,Married,,1,https://raw.githubusercontent.com/alex-randles/Change-Detection-System-Examples/main/version_1_files/loans-v1.csv,https://raw.githubusercontent.com/alex-randles/Change-Detection-System-Examples/main/version_2_files/loans-v1.csv
20,201,insert,2023-04-13 16:13:10.224211,Yes,,Married,,1,https://raw.githubusercontent.com/alex-randles/Change-Detection-System-Examples/main/version_1_files/loans-v1.csv,https://raw.githubusercontent.com/alex-randles/Change-Detection-System-Examples/main/version_2_files/loans-v1.csv
21,211,insert,2023-04-13 16:13:10.224211,No,,Married,,1,https://raw.githubusercontent.com/alex-randles/Change-Detection-System-Examples/main/version_1_files/loans-v1.csv,https://raw.githubusercontent.com/alex-randles/Change-Detection-System-Examples/main/version_2_files/loans-v1.csv
22,221,insert,2023-04-13 16:13:10.224211,No,,Married,,1,https://raw.githubusercontent.com/alex-randles/Change-Detection-System-Examples/main/version_1_files/loans-v1.csv,https://raw.githubusercontent.com/alex-randles/Change-Detection-System-Examples/main/version_2_files/loans-v1.csv
23,231,insert,2023-04-13 16:13:10.224211,No,,Married,,1,https://raw.githubusercontent.com/alex-randles/Change-Detection-System-Examples/main/version_1_files/loans-v1.csv,https://raw.githubusercontent.com/alex-randles/Change-Detection-System-Examples/main/version_2_files/loans-v1.csv
24,241,insert,2023-04-13 16:13:10.224211,Yes,,Married,,1,https://raw.githubusercontent.com/alex-randles/Change-Detection-System-Examples/main/version_1_files/loans-v1.csv,https://raw.githubusercontent.com/alex-randles/Change-Detection-System-Examples/main/version_2_files/loans-v1.csv
25,251,insert,2023-04-13 16:13:10.224211,No,,Married,,1,https://raw.githubusercontent.com/alex-randles/Change-Detection-System-Examples/main/version_1_files/loans-v1.csv,https://raw.githubusercontent.com/alex-randles/Change-Detection-System-Examples/main/version_2_files/loans-v1.csv
26,261,insert,2023-04-13 16:13:10.224211,Yes,,Married,,1,https://raw.githubusercontent.com/alex-randles/Change-Detection-System-Examples/main/version_1_files/loans-v1.csv,https://raw.githubusercontent.com/alex-randles/Change-Detection-System-Examples/main/version_2_files/loans-v1.csv
27,271,insert,2023-04-13 16:13:10.224211,Yes,,Married,,1,https://raw.githubusercontent.com/alex-randles/Change-Detection-System-Examples/main/version_1_files/loans-v1.csv,https://raw.githubusercontent.com/alex-randles/Change-Detection-System-Examples/main/version_2_files/loans-v1.csv
28,281,insert,2023-04-13 16:13:10.224211,Yes,,Married,,1,https://raw.githubusercontent.com/alex-randles/Change-Detection-System-Examples/main/version_1_files/loans-v1.csv,https://raw.githubusercontent.com/alex-randles/Change-Detection-System-Examples/main/version_2_files/loans-v1.csv
29,291,insert,2023-04-13 16:13:10.224211,No,,Married,,1,https://raw.githubusercontent.com/alex-randles/Change-Detection-System-Examples/main/version_1_files/loans-v1.csv,https://raw.githubusercontent.com/alex-randles/Change-Detection-System-Examples/main/version_2_files/loans-v1.csv
30,301,insert,2023-04-13 16:13:10.224211,No,,Married,,1,https://raw.githubusercontent.com/alex-randles/Change-Detection-System-Examples/main/version_1_files/loans-v1.csv,https://raw.githubusercontent.com/alex-randles/Change-Detection-System-Examples/main/version_2_files/loans-v1.csv
31,311,insert,2023-04-13 16:13:10.224211,Yes,,Married,,1,https://raw.githubusercontent.com/alex-randles/Change-Detection-System-Examples/main/version_1_files/loans-v1.csv,https://raw.githubusercontent.com/alex-randles/Change-Detection-System-Examples/main/version_2_files/loans-v1.csv
32,321,insert,2023-04-13 16:13:10.224211,No,,Married,,1,https://raw.githubusercontent.com/alex-randles/Change-Detection-System-Examples/main/version_1_files/loans-v1.csv,https://raw.githubusercontent.com/alex-randles/Change-Detection-System-Examples/main/version_2_files/loans-v1.csv
33,331,insert,2023-04-13 16:13:10.224211,Yes,,Married,,1,https://raw.githubusercontent.com/alex-randles/Change-Detection-System-Examples/main/version_1_files/loans-v1.csv,https://raw.githubusercontent.com/alex-randles/Change-Detection-System-Examples/main/version_2_files/loans-v1.csv
34,341,insert,2023-04-13 16:13:10.224211,Yes,,Married,,1,https://raw.githubusercontent.com/alex-randles/Change-Detection-System-Examples/main/version_1_files/loans-v1.csv,https://raw.githubusercontent.com/alex-randles/Change-Detection-System-Examples/main/version_2_files/loans-v1.csv
35,351,insert,2023-04-13 16:13:10.224211,No,,Married,,1,https://raw.githubusercontent.com/alex-randles/Change-Detection-System-Examples/main/version_1_files/loans-v1.csv,https://raw.githubusercontent.com/alex-randles/Change-Detection-System-Examples/main/version_2_files/loans-v1.csv
36,361,insert,2023-04-13 16:13:10.224211,Yes,,Married,,1,https://raw.githubusercontent.com/alex-randles/Change-Detection-System-Examples/main/version_1_files/loans-v1.csv,https://raw.githubusercontent.com/alex-randles/Change-Detection-System-Examples/main/version_2_files/loans-v1.csv
37,370,insert,2023-04-13 16:13:10.224211,Male,,Gender,,1,https://raw.githubusercontent.com/alex-randles/Change-Detection-System-Examples/main/version_1_files/loans-v1.csv,https://raw.githubusercontent.com/alex-randles/Change-Detection-System-Examples/main/version_2_files/loans-v1.csv
38,371,insert,2023-04-13 16:13:10.224211,Yes,,Married,,1,https://raw.githubusercontent.com/alex-randles/Change-Detection-System-Examples/main/version_1_files/loans-v1.csv,https://raw.githubusercontent.com/alex-randles/Change-Detection-System-Examples/main/version_2_files/loans-v1.csv
39,372,insert,2023-04-13 16:13:10.224211,0,,Dependents,,1,https://raw.githubusercontent.com/alex-randles/Change-Detection-System-Examples/main/version_1_files/loans-v1.csv,https://raw.githubusercontent.com/alex-randles/Change-Detection-System-Examples/main/version_2_files/loans-v1.csv
40,373,insert,2023-04-13 16:13:10.224211,Graduate,,Education,,1,https://raw.githubusercontent.com/alex-randles/Change-Detection-System-Examples/main/version_1_files/loans-v1.csv,https://raw.githubusercontent.com/alex-randles/Change-Detection-System-Examples/main/version_2_files/loans-v1.csv
41,374,insert,2023-04-13 16:13:10.224211,Yes,,Self_Employed,,1,https://raw.githubusercontent.com/alex-randles/Change-Detection-System-Examples/main/version_1_files/loans-v1.csv,https://raw.githubusercontent.com/alex-randles/Change-Detection-System-Examples/main/version_2_files/loans-v1.csv
42,375,insert,2023-04-13 16:13:10.224211,226700,,Applicant_Income,,1,https://raw.githubusercontent.com/alex-randles/Change-Detection-System-Examples/main/version_1_files/loans-v1.csv,https://raw.githubusercontent.com/alex-randles/Change-Detection-System-Examples/main/version_2_files/loans-v1.csv
43,376,insert,2023-04-13 16:13:10.224211,279200,,Coapplicant_Income,,1,https://raw.githubusercontent.com/alex-randles/Change-Detection-System-Examples/main/version_1_files/loans-v1.csv,https://raw.githubusercontent.com/alex-randles/Change-Detection-System-Examples/main/version_2_files/loans-v1.csv
44,377,insert,2023-04-13 16:13:10.224211,9000000,,Loan_Amount,,1,https://raw.githubusercontent.com/alex-randles/Change-Detection-System-Examples/main/version_1_files/loans-v1.csv,https://raw.githubusercontent.com/alex-randles/Change-Detection-System-Examples/main/version_2_files/loans-v1.csv
45,378,insert,2023-04-13 16:13:10.224211,360,,Term,,1,https://raw.githubusercontent.com/alex-randles/Change-Detection-System-Examples/main/version_1_files/loans-v1.csv,https://raw.githubusercontent.com/alex-randles/Change-Detection-System-Examples/main/version_2_files/loans-v1.csv
46,379,insert,2023-04-13 16:13:10.224211,1,,Credit_History,,1,https://raw.githubusercontent.com/alex-randles/Change-Detection-System-Examples/main/version_1_files/loans-v1.csv,https://raw.githubusercontent.com/alex-randles/Change-Detection-System-Examples/main/version_2_files/loans-v1.csv
47,380,insert,2023-04-13 16:13:10.224211,Male,,Gender,,1,https://raw.githubusercontent.com/alex-randles/Change-Detection-System-Examples/main/version_1_files/loans-v1.csv,https://raw.githubusercontent.com/alex-randles/Change-Detection-System-Examples/main/version_2_files/loans-v1.csv
48,381,insert,2023-04-13 16:13:10.224211,No,,Married,,1,https://raw.githubusercontent.com/alex-randles/Change-Detection-System-Examples/main/version_1_files/loans-v1.csv,https://raw.githubusercontent.com/alex-randles/Change-Detection-System-Examples/main/version_2_files/loans-v1.csv
49,382,insert,2023-04-13 16:13:10.224211,0,,Dependents,,1,https://raw.githubusercontent.com/alex-randles/Change-Detection-System-Examples/main/version_1_files/loans-v1.csv,https://raw.githubusercontent.com/alex-randles/Change-Detection-System-Examples/main/version_2_files/loans-v1.csv
50,383,insert,2023-04-13 16:13:10.224211,Graduate,,Education,,1,https://raw.githubusercontent.com/alex-randles/Change-Detection-System-Examples/main/version_1_files/loans-v1.csv,https://raw.githubusercontent.com/alex-randles/Change-Detection-System-Examples/main/version_2_files/loans-v1.csv
51,384,insert,2023-04-13 16:13:10.224211,Yes,,Self_Employed,,1,https://raw.githubusercontent.com/alex-randles/Change-Detection-System-Examples/main/version_1_files/loans-v1.csv,https://raw.githubusercontent.com/alex-randles/Change-Detection-System-Examples/main/version_2_files/loans-v1.csv
52,385,insert,2023-04-13 16:13:10.224211,583300,,Applicant_Income,,1,https://raw.githubusercontent.com/alex-randles/Change-Detection-System-Examples/main/version_1_files/loans-v1.csv,https://raw.githubusercontent.com/alex-randles/Change-Detection-System-Examples/main/version_2_files/loans-v1.csv
53,386,insert,2023-04-13 16:13:10.224211,0,,Coapplicant_Income,,1,https://raw.githubusercontent.com/alex-randles/Change-Detection-System-Examples/main/version_1_files/loans-v1.csv,https://raw.githubusercontent.com/alex-randles/Change-Detection-System-Examples/main/version_2_files/loans-v1.csv
54,387,insert,2023-04-13 16:13:10.224211,11600000,,Loan_Amount,,1,https://raw.githubusercontent.com/alex-randles/Change-Detection-System-Examples/main/version_1_files/loans-v1.csv,https://raw.githubusercontent.com/alex-randles/Change-Detection-System-Examples/main/version_2_files/loans-v1.csv
55,388,insert,2023-04-13 16:13:10.224211,360,,Term,,1,https://raw.githubusercontent.com/alex-randles/Change-Detection-System-Examples/main/version_1_files/loans-v1.csv,https://raw.githubusercontent.com/alex-randles/Change-Detection-System-Examples/main/version_2_files/loans-v1.csv
56,389,insert,2023-04-13 16:13:10.224211,1,,Credit_History,,1,https://raw.githubusercontent.com/alex-randles/Change-Detection-System-Examples/main/version_1_files/loans-v1.csv,https://raw.githubusercontent.com/alex-randles/Change-Detection-System-Examples/main/version_2_files/loans-v1.csv
57,390,insert,2023-04-13 16:13:10.224211,Male,,Gender,,1,https://raw.githubusercontent.com/alex-randles/Change-Detection-System-Examples/main/version_1_files/loans-v1.csv,https://raw.githubusercontent.com/alex-randles/Change-Detection-System-Examples/main/version_2_files/loans-v1.csv
58,391,insert,2023-04-13 16:13:10.224211,No,,Married,,1,https://raw.githubusercontent.com/alex-randles/Change-Detection-System-Examples/main/version_1_files/loans-v1.csv,https://raw.githubusercontent.com/alex-randles/Change-Detection-System-Examples/main/version_2_files/loans-v1.csv
59,392,insert,2023-04-13 16:13:10.224211,0,,Dependents,,1,https://raw.githubusercontent.com/alex-randles/Change-Detection-System-Examples/main/version_1_files/loans-v1.csv,https://raw.githubusercontent.com/alex-randles/Change-Detection-System-Examples/main/version_2_files/loans-v1.csv
60,393,insert,2023-04-13 16:13:10.224211,Graduate,,Education,,1,https://raw.githubusercontent.com/alex-randles/Change-Detection-System-Examples/main/version_1_files/loans-v1.csv,https://raw.githubusercontent.com/alex-randles/Change-Detection-System-Examples/main/version_2_files/loans-v1.csv
61,394,insert,2023-04-13 16:13:10.224211,No,,Self_Employed,,1,https://raw.githubusercontent.com/alex-randles/Change-Detection-System-Examples/main/version_1_files/loans-v1.csv,https://raw.githubusercontent.com/alex-randles/Change-Detection-System-Examples/main/version_2_files/loans-v1.csv
62,395,insert,2023-04-13 16:13:10.224211,364300,,Applicant_Income,,1,https://raw.githubusercontent.com/alex-randles/Change-Detection-System-Examples/main/version_1_files/loans-v1.csv,https://raw.githubusercontent.com/alex-randles/Change-Detection-System-Examples/main/version_2_files/loans-v1.csv
63,396,insert,2023-04-13 16:13:10.224211,196300,,Coapplicant_Income,,1,https://raw.githubusercontent.com/alex-randles/Change-Detection-System-Examples/main/version_1_files/loans-v1.csv,https://raw.githubusercontent.com/alex-randles/Change-Detection-System-Examples/main/version_2_files/loans-v1.csv
64,397,insert,2023-04-13 16:13:10.224211,13800000,,Loan_Amount,,1,https://raw.githubusercontent.com/alex-randles/Change-Detection-System-Examples/main/version_1_files/loans-v1.csv,https://raw.githubusercontent.com/alex-randles/Change-Detection-System-Examples/main/version_2_files/loans-v1.csv
65,398,insert,2023-04-13 16:13:10.224211,360,,Term,,1,https://raw.githubusercontent.com/alex-randles/Change-Detection-System-Examples/main/version_1_files/loans-v1.csv,https://raw.githubusercontent.com/alex-randles/Change-Detection-System-Examples/main/version_2_files/loans-v1.csv
66,399,insert,2023-04-13 16:13:10.224211,1,,Credit_History,,1,https://raw.githubusercontent.com/alex-randles/Change-Detection-System-Examples/main/version_1_files/loans-v1.csv,https://raw.githubusercontent.com/alex-randles/Change-Detection-System-Examples/main/version_2_files/loans-v1.csv
67,400,insert,2023-04-13 16:13:10.224211,Male,,Gender,,1,https://raw.githubusercontent.com/alex-randles/Change-Detection-System-Examples/main/version_1_files/loans-v1.csv,https://raw.githubusercontent.com/alex-randles/Change-Detection-System-Examples/main/version_2_files/loans-v1.csv
68,401,insert,2023-04-13 16:13:10.224211,Yes,,Married,,1,https://raw.githubusercontent.com/alex-randles/Change-Detection-System-Examples/main/version_1_files/loans-v1.csv,https://raw.githubusercontent.com/alex-randles/Change-Detection-System-Examples/main/version_2_files/loans-v1.csv
69,402,insert,2023-04-13 16:13:10.224211,0,,Dependents,,1,https://raw.githubusercontent.com/alex-randles/Change-Detection-System-Examples/main/version_1_files/loans-v1.csv,https://raw.githubusercontent.com/alex-randles/Change-Detection-System-Examples/main/version_2_files/loans-v1.csv
70,403,insert,2023-04-13 16:13:10.224211,Graduate,,Education,,1,https://raw.githubusercontent.com/alex-randles/Change-Detection-System-Examples/main/version_1_files/loans-v1.csv,https://raw.githubusercontent.com/alex-randles/Change-Detection-System-Examples/main/version_2_files/loans-v1.csv
71,404,insert,2023-04-13 16:13:10.224211,No,,Self_Employed,,1,https://raw.githubusercontent.com/alex-randles/Change-Detection-System-Examples/main/version_1_files/loans-v1.csv,https://raw.githubusercontent.com/alex-randles/Change-Detection-System-Examples/main/version_2_files/loans-v1.csv
72,405,insert,2023-04-13 16:13:10.224211,562900,,Applicant_Income,,1,https://raw.githubusercontent.com/alex-randles/Change-Detection-System-Examples/main/version_1_files/loans-v1.csv,https://raw.githubusercontent.com/alex-randles/Change-Detection-System-Examples/main/version_2_files/loans-v1.csv
73,406,insert,2023-04-13 16:13:10.224211,81800,,Coapplicant_Income,,1,https://raw.githubusercontent.com/alex-randles/Change-Detection-System-Examples/main/version_1_files/loans-v1.csv,https://raw.githubusercontent.com/alex-randles/Change-Detection-System-Examples/main/version_2_files/loans-v1.csv
74,407,insert,2023-04-13 16:13:10.224211,10000000,,Loan_Amount,,1,https://raw.githubusercontent.com/alex-randles/Change-Detection-System-Examples/main/version_1_files/loans-v1.csv,https://raw.githubusercontent.com/alex-randles/Change-Detection-System-Examples/main/version_2_files/loans-v1.csv
75,408,insert,2023-04-13 16:13:10.224211,360,,Term,,1,https://raw.githubusercontent.com/alex-randles/Change-Detection-System-Examples/main/version_1_files/loans-v1.csv,https://raw.githubusercontent.com/alex-randles/Change-Detection-System-Examples/main/version_2_files/loans-v1.csv
76,409,insert,2023-04-13 16:13:10.224211,1,,Credit_History,,1,https://raw.githubusercontent.com/alex-randles/Change-Detection-System-Examples/main/version_1_files/loans-v1.csv,https://raw.githubusercontent.com/alex-randles/Change-Detection-System-Examples/main/version_2_files/loans-v1.csv
77,410,insert,2023-04-13 16:13:10.224211,Female,,Gender,,1,https://raw.githubusercontent.com/alex-randles/Change-Detection-System-Examples/main/version_1_files/loans-v1.csv,https://raw.githubusercontent.com/alex-randles/Change-Detection-System-Examples/main/version_2_files/loans-v1.csv
78,411,insert,2023-04-13 16:13:10.224211,No,,Married,,1,https://raw.githubusercontent.com/alex-randles/Change-Detection-System-Examples/main/version_1_files/loans-v1.csv,https://raw.githubusercontent.com/alex-randles/Change-Detection-System-Examples/main/version_2_files/loans-v1.csv
79,412,insert,2023-04-13 16:13:10.224211,0,,Dependents,,1,https://raw.githubusercontent.com/alex-randles/Change-Detection-System-Examples/main/version_1_files/loans-v1.csv,https://raw.githubusercontent.com/alex-randles/Change-Detection-System-Examples/main/version_2_files/loans-v1.csv
80,413,insert,2023-04-13 16:13:10.224211,Graduate,,Education,,1,https://raw.githubusercontent.com/alex-randles/Change-Detection-System-Examples/main/version_1_files/loans-v1.csv,https://raw.githubusercontent.com/alex-randles/Change-Detection-System-Examples/main/version_2_files/loans-v1.csv
81,414,insert,2023-04-13 16:13:10.224211,No,,Self_Employed,,1,https://raw.githubusercontent.com/alex-randles/Change-Detection-System-Examples/main/version_1_files/loans-v1.csv,https://raw.githubusercontent.com/alex-randles/Change-Detection-System-Examples/main/version_2_files/loans-v1.csv
82,415,insert,2023-04-13 16:13:10.224211,364400,,Applicant_Income,,1,https://raw.githubusercontent.com/alex-randles/Change-Detection-System-Examples/main/version_1_files/loans-v1.csv,https://raw.githubusercontent.com/alex-randles/Change-Detection-System-Examples/main/version_2_files/loans-v1.csv
83,416,insert,2023-04-13 16:13:10.224211,0,,Coapplicant_Income,,1,https://raw.githubusercontent.com/alex-randles/Change-Detection-System-Examples/main/version_1_files/loans-v1.csv,https://raw.githubusercontent.com/alex-randles/Change-Detection-System-Examples/main/version_2_files/loans-v1.csv
84,417,insert,2023-04-13 16:13:10.224211,11000000,,Loan_Amount,,1,https://raw.githubusercontent.com/alex-randles/Change-Detection-System-Examples/main/version_1_files/loans-v1.csv,https://raw.githubusercontent.com/alex-randles/Change-Detection-System-Examples/main/version_2_files/loans-v1.csv
85,418,insert,2023-04-13 16:13:10.224211,360,,Term,,1,https://raw.githubusercontent.com/alex-randles/Change-Detection-System-Examples/main/version_1_files/loans-v1.csv,https://raw.githubusercontent.com/alex-randles/Change-Detection-System-Examples/main/version_2_files/loans-v1.csv
86,419,insert,2023-04-13 16:13:10.224211,1,,Credit_History,,1,https://raw.githubusercontent.com/alex-randles/Change-Detection-System-Examples/main/version_1_files/loans-v1.csv,https://raw.githubusercontent.com/alex-randles/Change-Detection-System-Examples/main/version_2_files/loans-v1.csv
87,420,insert,2023-04-13 16:13:10.224211,Male,,Gender,,1,https://raw.githubusercontent.com/alex-randles/Change-Detection-System-Examples/main/version_1_files/loans-v1.csv,https://raw.githubusercontent.com/alex-randles/Change-Detection-System-Examples/main/version_2_files/loans-v1.csv
88,421,insert,2023-04-13 16:13:10.224211,Yes,,Married,,1,https://raw.githubusercontent.com/alex-randles/Change-Detection-System-Examples/main/version_1_files/loans-v1.csv,https://raw.githubusercontent.com/alex-randles/Change-Detection-System-Examples/main/version_2_files/loans-v1.csv
89,422,insert,2023-04-13 16:13:10.224211,0,,Dependents,,1,https://raw.githubusercontent.com/alex-randles/Change-Detection-System-Examples/main/version_1_files/loans-v1.csv,https://raw.githubusercontent.com/alex-randles/Change-Detection-System-Examples/main/version_2_files/loans-v1.csv
90,423,insert,2023-04-13 16:13:10.224211,Not Graduate,,Education,,1,https://raw.githubusercontent.com/alex-randles/Change-Detection-System-Examples/main/version_1_files/loans-v1.csv,https://raw.githubusercontent.com/alex-randles/Change-Detection-System-Examples/main/version_2_files/loans-v1.csv
91,424,insert,2023-04-13 16:13:10.224211,No,,Self_Employed,,1,https://raw.githubusercontent.com/alex-randles/Change-Detection-System-Examples/main/version_1_files/loans-v1.csv,https://raw.githubusercontent.com/alex-randles/Change-Detection-System-Examples/main/version_2_files/loans-v1.csv
92,425,insert,2023-04-13 16:13:10.224211,175000,,Applicant_Income,,1,https://raw.githubusercontent.com/alex-randles/Change-Detection-System-Examples/main/version_1_files/loans-v1.csv,https://raw.githubusercontent.com/alex-randles/Change-Detection-System-Examples/main/version_2_files/loans-v1.csv
93,426,insert,2023-04-13 16:13:10.224211,202400,,Coapplicant_Income,,1,https://raw.githubusercontent.com/alex-randles/Change-Detection-System-Examples/main/version_1_files/loans-v1.csv,https://raw.githubusercontent.com/alex-randles/Change-Detection-System-Examples/main/version_2_files/loans-v1.csv
94,427,insert,2023-04-13 16:13:10.224211,9000000,,Loan_Amount,,1,https://raw.githubusercontent.com/alex-randles/Change-Detection-System-Examples/main/version_1_files/loans-v1.csv,https://raw.githubusercontent.com/alex-randles/Change-Detection-System-Examples/main/version_2_files/loans-v1.csv
95,428,insert,2023-04-13 16:13:10.224211,360,,Term,,1,https://raw.githubusercontent.com/alex-randles/Change-Detection-System-Examples/main/version_1_files/loans-v1.csv,https://raw.githubusercontent.com/alex-randles/Change-Detection-System-Examples/main/version_2_files/loans-v1.csv
96,429,insert,2023-04-13 16:13:10.224211,1,,Credit_History,,1,https://raw.githubusercontent.com/alex-randles/Change-Detection-System-Examples/main/version_1_files/loans-v1.csv,https://raw.githubusercontent.com/alex-randles/Change-Detection-System-Examples/main/version_2_files/loans-v1.csv
97,430,insert,2023-04-13 16:13:10.224211,Male,,Gender,,1,https://raw.githubusercontent.com/alex-randles/Change-Detection-System-Examples/main/version_1_files/loans-v1.csv,https://raw.githubusercontent.com/alex-randles/Change-Detection-System-Examples/main/version_2_files/loans-v1.csv
98,431,insert,2023-04-13 16:13:10.224211,No,,Married,,1,https://raw.githubusercontent.com/alex-randles/Change-Detection-System-Examples/main/version_1_files/loans-v1.csv,https://raw.githubusercontent.com/alex-randles/Change-Detection-System-Examples/main/version_2_files/loans-v1.csv
99,432,insert,2023-04-13 16:13:10.224211,0,,Dependents,,1,https://raw.githubusercontent.com/alex-randles/Change-Detection-System-Examples/main/version_1_files/loans-v1.csv,https://raw.githubusercontent.com/alex-randles/Change-Detection-System-Examples/main/version_2_files/loans-v1.csv
100,433,insert,2023-04-13 16:13:10.224211,Graduate,,Education,,1,https://raw.githubusercontent.com/alex-randles/Change-Detection-System-Examples/main/version_1_files/loans-v1.csv,https://raw.githubusercontent.com/alex-randles/Change-Detection-System-Examples/main/version_2_files/loans-v1.csv
101,434,insert,2023-04-13 16:13:10.224211,No,,Self_Employed,,1,https://raw.githubusercontent.com/alex-randles/Change-Detection-System-Examples/main/version_1_files/loans-v1.csv,https://raw.githubusercontent.com/alex-randles/Change-Detection-System-Examples/main/version_2_files/loans-v1.csv
102,435,insert,2023-04-13 16:13:10.224211,650000,,Applicant_Income,,1,https://raw.githubusercontent.com/alex-randles/Change-Detection-System-Examples/main/version_1_files/loans-v1.csv,https://raw.githubusercontent.com/alex-randles/Change-Detection-System-Examples/main/version_2_files/loans-v1.csv
103,436,insert,2023-04-13 16:13:10.224211,260000,,Coapplicant_Income,,1,https://raw.githubusercontent.com/alex-randles/Change-Detection-System-Examples/main/version_1_files/loans-v1.csv,https://raw.githubusercontent.com/alex-randles/Change-Detection-System-Examples/main/version_2_files/loans-v1.csv
104,437,insert,2023-04-13 16:13:10.224211,20000000,,Loan_Amount,,1,https://raw.githubusercontent.com/alex-randles/Change-Detection-System-Examples/main/version_1_files/loans-v1.csv,https://raw.githubusercontent.com/alex-randles/Change-Detection-System-Examples/main/version_2_files/loans-v1.csv
105,438,insert,2023-04-13 16:13:10.224211,360,,Term,,1,https://raw.githubusercontent.com/alex-randles/Change-Detection-System-Examples/main/version_1_files/loans-v1.csv,https://raw.githubusercontent.com/alex-randles/Change-Detection-System-Examples/main/version_2_files/loans-v1.csv
106,439,insert,2023-04-13 16:13:10.224211,1,,Credit_History,,1,https://raw.githubusercontent.com/alex-randles/Change-Detection-System-Examples/main/version_1_files/loans-v1.csv,https://raw.githubusercontent.com/alex-randles/Change-Detection-System-Examples/main/version_2_files/loans-v1.csv
107,440,insert,2023-04-13 16:13:10.224211,Female,,Gender,,1,https://raw.githubusercontent.com/alex-randles/Change-Detection-System-Examples/main/version_1_files/loans-v1.csv,https://raw.githubusercontent.com/alex-randles/Change-Detection-System-Examples/main/version_2_files/loans-v1.csv
108,441,insert,2023-04-13 16:13:10.224211,No,,Married,,1,https://raw.githubusercontent.com/alex-randles/Change-Detection-System-Examples/main/version_1_files/loans-v1.csv,https://raw.githubusercontent.com/alex-randles/Change-Detection-System-Examples/main/version_2_files/loans-v1.csv
109,442,insert,2023-04-13 16:13:10.224211,0,,Dependents,,1,https://raw.githubusercontent.com/alex-randles/Change-Detection-System-Examples/main/version_1_files/loans-v1.csv,https://raw.githubusercontent.com/alex-randles/Change-Detection-System-Examples/main/version_2_files/loans-v1.csv
110,443,insert,2023-04-13 16:13:10.224211,Graduate,,Education,,1,https://raw.githubusercontent.com/alex-randles/Change-Detection-System-Examples/main/version_1_files/loans-v1.csv,https://raw.githubusercontent.com/alex-randles/Change-Detection-System-Examples/main/version_2_files/loans-v1.csv
111,444,insert,2023-04-13 16:13:10.224211,No,,Self_Employed,,1,https://raw.githubusercontent.com/alex-randles/Change-Detection-System-Examples/main/version_1_files/loans-v1.csv,https://raw.githubusercontent.com/alex-randles/Change-Detection-System-Examples/main/version_2_files/loans-v1.csv
112,445,insert,2023-04-13 16:13:10.224211,366600,,Applicant_Income,,1,https://raw.githubusercontent.com/alex-randles/Change-Detection-System-Examples/main/version_1_files/loans-v1.csv,https://raw.githubusercontent.com/alex-randles/Change-Detection-System-Examples/main/version_2_files/loans-v1.csv
113,446,insert,2023-04-13 16:13:10.224211,0,,Coapplicant_Income,,1,https://raw.githubusercontent.com/alex-randles/Change-Detection-System-Examples/main/version_1_files/loans-v1.csv,https://raw.githubusercontent.com/alex-randles/Change-Detection-System-Examples/main/version_2_files/loans-v1.csv
114,447,insert,2023-04-13 16:13:10.224211,8400000,,Loan_Amount,,1,https://raw.githubusercontent.com/alex-randles/Change-Detection-System-Examples/main/version_1_files/loans-v1.csv,https://raw.githubusercontent.com/alex-randles/Change-Detection-System-Examples/main/version_2_files/loans-v1.csv
115,448,insert,2023-04-13 16:13:10.224211,360,,Term,,1,https://raw.githubusercontent.com/alex-randles/Change-Detection-System-Examples/main/version_1_files/loans-v1.csv,https://raw.githubusercontent.com/alex-randles/Change-Detection-System-Examples/main/version_2_files/loans-v1.csv
116,449,insert,2023-04-13 16:13:10.224211,1,,Credit_History,,1,https://raw.githubusercontent.com/alex-randles/Change-Detection-System-Examples/main/version_1_files/loans-v1.csv,https://raw.githubusercontent.com/alex-randles/Change-Detection-System-Examples/main/version_2_files/loans-v1.csv
117,450,insert,2023-04-13 16:13:10.224211,Male,,Gender,,1,https://raw.githubusercontent.com/alex-randles/Change-Detection-System-Examples/main/version_1_files/loans-v1.csv,https://raw.githubusercontent.com/alex-randles/Change-Detection-System-Examples/main/version_2_files/loans-v1.csv
118,451,insert,2023-04-13 16:13:10.224211,Yes,,Married,,1,https://raw.githubusercontent.com/alex-randles/Change-Detection-System-Examples/main/version_1_files/loans-v1.csv,https://raw.githubusercontent.com/alex-randles/Change-Detection-System-Examples/main/version_2_files/loans-v1.csv
119,452,insert,2023-04-13 16:13:10.224211,0,,Dependents,,1,https://raw.githubusercontent.com/alex-randles/Change-Detection-System-Examples/main/version_1_files/loans-v1.csv,https://raw.githubusercontent.com/alex-randles/Change-Detection-System-Examples/main/version_2_files/loans-v1.csv
120,453,insert,2023-04-13 16:13:10.224211,Graduate,,Education,,1,https://raw.githubusercontent.com/alex-randles/Change-Detection-System-Examples/main/version_1_files/loans-v1.csv,https://raw.githubusercontent.com/alex-randles/Change-Detection-System-Examples/main/version_2_files/loans-v1.csv
121,454,insert,2023-04-13 16:13:10.224211,No,,Self_Employed,,1,https://raw.githubusercontent.com/alex-randles/Change-Detection-System-Examples/main/version_1_files/loans-v1.csv,https://raw.githubusercontent.com/alex-randles/Change-Detection-System-Examples/main/version_2_files/loans-v1.csv
122,455,insert,2023-04-13 16:13:10.224211,426000,,Applicant_Income,,1,https://raw.githubusercontent.com/alex-randles/Change-Detection-System-Examples/main/version_1_files/loans-v1.csv,https://raw.githubusercontent.com/alex-randles/Change-Detection-System-Examples/main/version_2_files/loans-v1.csv
123,456,insert,2023-04-13 16:13:10.224211,390000,,Coapplicant_Income,,1,https://raw.githubusercontent.com/alex-randles/Change-Detection-System-Examples/main/version_1_files/loans-v1.csv,https://raw.githubusercontent.com/alex-randles/Change-Detection-System-Examples/main/version_2_files/loans-v1.csv
124,457,insert,2023-04-13 16:13:10.224211,18500000,,Loan_Amount,,1,https://raw.githubusercontent.com/alex-randles/Change-Detection-System-Examples/main/version_1_files/loans-v1.csv,https://raw.githubusercontent.com/alex-randles/Change-Detection-System-Examples/main/version_2_files/loans-v1.csv
125,458,insert,2023-04-13 16:13:10.224211,,,Term,,1,https://raw.githubusercontent.com/alex-randles/Change-Detection-System-Examples/main/version_1_files/loans-v1.csv,https://raw.githubusercontent.com/alex-randles/Change-Detection-System-Examples/main/version_2_files/loans-v1.csv
126,459,insert,2023-04-13 16:13:10.224211,,,Credit_History,,1,https://raw.githubusercontent.com/alex-randles/Change-Detection-System-Examples/main/version_1_files/loans-v1.csv,https://raw.githubusercontent.com/alex-randles/Change-Detection-System-Examples/main/version_2_files/loans-v1.csv
127,460,insert,2023-04-13 16:13:10.224211,Male,,Gender,,1,https://raw.githubusercontent.com/alex-randles/Change-Detection-System-Examples/main/version_1_files/loans-v1.csv,https://raw.githubusercontent.com/alex-randles/Change-Detection-System-Examples/main/version_2_files/loans-v1.csv
128,461,insert,2023-04-13 16:13:10.224211,Yes,,Married,,1,https://raw.githubusercontent.com/alex-randles/Change-Detection-System-Examples/main/version_1_files/loans-v1.csv,https://raw.githubusercontent.com/alex-randles/Change-Detection-System-Examples/main/version_2_files/loans-v1.csv
129,462,insert,2023-04-13 16:13:10.224211,,,Dependents,,1,https://raw.githubusercontent.com/alex-randles/Change-Detection-System-Examples/main/version_1_files/loans-v1.csv,https://raw.githubusercontent.com/alex-randles/Change-Detection-System-Examples/main/version_2_files/loans-v1.csv
130,463,insert,2023-04-13 16:13:10.224211,Not Graduate,,Education,,1,https://raw.githubusercontent.com/alex-randles/Change-Detection-System-Examples/main/version_1_files/loans-v1.csv,https://raw.githubusercontent.com/alex-randles/Change-Detection-System-Examples/main/version_2_files/loans-v1.csv
131,464,insert,2023-04-13 16:13:10.224211,No,,Self_Employed,,1,https://raw.githubusercontent.com/alex-randles/Change-Detection-System-Examples/main/version_1_files/loans-v1.csv,https://raw.githubusercontent.com/alex-randles/Change-Detection-System-Examples/main/version_2_files/loans-v1.csv
132,465,insert,2023-04-13 16:13:10.224211,416300,,Applicant_Income,,1,https://raw.githubusercontent.com/alex-randles/Change-Detection-System-Examples/main/version_1_files/loans-v1.csv,https://raw.githubusercontent.com/alex-randles/Change-Detection-System-Examples/main/version_2_files/loans-v1.csv
133,466,insert,2023-04-13 16:13:10.224211,147500,,Coapplicant_Income,,1,https://raw.githubusercontent.com/alex-randles/Change-Detection-System-Examples/main/version_1_files/loans-v1.csv,https://raw.githubusercontent.com/alex-randles/Change-Detection-System-Examples/main/version_2_files/loans-v1.csv
134,467,insert,2023-04-13 16:13:10.224211,16200000,,Loan_Amount,,1,https://raw.githubusercontent.com/alex-randles/Change-Detection-System-Examples/main/version_1_files/loans-v1.csv,https://raw.githubusercontent.com/alex-randles/Change-Detection-System-Examples/main/version_2_files/loans-v1.csv
135,468,insert,2023-04-13 16:13:10.224211,360,,Term,,1,https://raw.githubusercontent.com/alex-randles/Change-Detection-System-Examples/main/version_1_files/loans-v1.csv,https://raw.githubusercontent.com/alex-randles/Change-Detection-System-Examples/main/version_2_files/loans-v1.csv
136,469,insert,2023-04-13 16:13:10.224211,1,,Credit_History,,1,https://raw.githubusercontent.com/alex-randles/Change-Detection-System-Examples/main/version_1_files/loans-v1.csv,https://raw.githubusercontent.com/alex-randles/Change-Detection-System-Examples/main/version_2_files/loans-v1.csv
137,470,insert,2023-04-13 16:13:10.224211,Male,,Gender,,1,https://raw.githubusercontent.com/alex-randles/Change-Detection-System-Examples/main/version_1_files/loans-v1.csv,https://raw.githubusercontent.com/alex-randles/Change-Detection-System-Examples/main/version_2_files/loans-v1.csv
138,471,insert,2023-04-13 16:13:10.224211,No,,Married,,1,https://raw.githubusercontent.com/alex-randles/Change-Detection-System-Examples/main/version_1_files/loans-v1.csv,https://raw.githubusercontent.com/alex-randles/Change-Detection-System-Examples/main/version_2_files/loans-v1.csv
139,472,insert,2023-04-13 16:13:10.224211,0,,Dependents,,1,https://raw.githubusercontent.com/alex-randles/Change-Detection-System-Examples/main/version_1_files/loans-v1.csv,https://raw.githubusercontent.com/alex-randles/Change-Detection-System-Examples/main/version_2_files/loans-v1.csv
140,473,insert,2023-04-13 16:13:10.224211,Not Graduate,,Education,,1,https://raw.githubusercontent.com/alex-randles/Change-Detection-System-Examples/main/version_1_files/loans-v1.csv,https://raw.githubusercontent.com/alex-randles/Change-Detection-System-Examples/main/version_2_files/loans-v1.csv
141,474,insert,2023-04-13 16:13:10.224211,No,,Self_Employed,,1,https://raw.githubusercontent.com/alex-randles/Change-Detection-System-Examples/main/version_1_files/loans-v1.csv,https://raw.githubusercontent.com/alex-randles/Change-Detection-System-Examples/main/version_2_files/loans-v1.csv
142,475,insert,2023-04-13 16:13:10.224211,235600,,Applicant_Income,,1,https://raw.githubusercontent.com/alex-randles/Change-Detection-System-Examples/main/version_1_files/loans-v1.csv,https://raw.githubusercontent.com/alex-randles/Change-Detection-System-Examples/main/version_2_files/loans-v1.csv
143,476,insert,2023-04-13 16:13:10.224211,190200,,Coapplicant_Income,,1,https://raw.githubusercontent.com/alex-randles/Change-Detection-System-Examples/main/version_1_files/loans-v1.csv,https://raw.githubusercontent.com/alex-randles/Change-Detection-System-Examples/main/version_2_files/loans-v1.csv
144,477,insert,2023-04-13 16:13:10.224211,10800000,,Loan_Amount,,1,https://raw.githubusercontent.com/alex-randles/Change-Detection-System-Examples/main/version_1_files/loans-v1.csv,https://raw.githubusercontent.com/alex-randles/Change-Detection-System-Examples/main/version_2_files/loans-v1.csv
145,478,insert,2023-04-13 16:13:10.224211,360,,Term,,1,https://raw.githubusercontent.com/alex-randles/Change-Detection-System-Examples/main/version_1_files/loans-v1.csv,https://raw.githubusercontent.com/alex-randles/Change-Detection-System-Examples/main/version_2_files/loans-v1.csv
146,479,insert,2023-04-13 16:13:10.224211,1,,Credit_History,,1,https://raw.githubusercontent.com/alex-randles/Change-Detection-System-Examples/main/version_1_files/loans-v1.csv,https://raw.githubusercontent.com/alex-randles/Change-Detection-System-Examples/main/version_2_files/loans-v1.csv
147,480,insert,2023-04-13 16:13:10.224211,Male,,Gender,,1,https://raw.githubusercontent.com/alex-randles/Change-Detection-System-Examples/main/version_1_files/loans-v1.csv,https://raw.githubusercontent.com/alex-randles/Change-Detection-System-Examples/main/version_2_files/loans-v1.csv
148,481,insert,2023-04-13 16:13:10.224211,No,,Married,,1,https://raw.githubusercontent.com/alex-randles/Change-Detection-System-Examples/main/version_1_files/loans-v1.csv,https://raw.githubusercontent.com/alex-randles/Change-Detection-System-Examples/main/version_2_files/loans-v1.csv
149,482,insert,2023-04-13 16:13:10.224211,0,,Dependents,,1,https://raw.githubusercontent.com/alex-randles/Change-Detection-System-Examples/main/version_1_files/loans-v1.csv,https://raw.githubusercontent.com/alex-randles/Change-Detection-System-Examples/main/version_2_files/loans-v1.csv
150,483,insert,2023-04-13 16:13:10.224211,Graduate,,Education,,1,https://raw.githubusercontent.com/alex-randles/Change-Detection-System-Examples/main/version_1_files/loans-v1.csv,https://raw.githubusercontent.com/alex-randles/Change-Detection-System-Examples/main/version_2_files/loans-v1.csv
151,484,insert,2023-04-13 16:13:10.224211,No,,Self_Employed,,1,https://raw.githubusercontent.com/alex-randles/Change-Detection-System-Examples/main/version_1_files/loans-v1.csv,https://raw.githubusercontent.com/alex-randles/Change-Detection-System-Examples/main/version_2_files/loans-v1.csv
152,485,insert,2023-04-13 16:13:10.224211,679200,,Applicant_Income,,1,https://raw.githubusercontent.com/alex-randles/Change-Detection-System-Examples/main/version_1_files/loans-v1.csv,https://raw.githubusercontent.com/alex-randles/Change-Detection-System-Examples/main/version_2_files/loans-v1.csv
153,486,insert,2023-04-13 16:13:10.224211,333800,,Coapplicant_Income,,1,https://raw.githubusercontent.com/alex-randles/Change-Detection-System-Examples/main/version_1_files/loans-v1.csv,https://raw.githubusercontent.com/alex-randles/Change-Detection-System-Examples/main/version_2_files/loans-v1.csv
154,487,insert,2023-04-13 16:13:10.224211,18700000,,Loan_Amount,,1,https://raw.githubusercontent.com/alex-randles/Change-Detection-System-Examples/main/version_1_files/loans-v1.csv,https://raw.githubusercontent.com/alex-randles/Change-Detection-System-Examples/main/version_2_files/loans-v1.csv
155,488,insert,2023-04-13 16:13:10.224211,,,Term,,1,https://raw.githubusercontent.com/alex-randles/Change-Detection-System-Examples/main/version_1_files/loans-v1.csv,https://raw.githubusercontent.com/alex-randles/Change-Detection-System-Examples/main/version_2_files/loans-v1.csv
156,489,insert,2023-04-13 16:13:10.224211,1,,Credit_History,,1,https://raw.githubusercontent.com/alex-randles/Change-Detection-System-Examples/main/version_1_files/loans-v1.csv,https://raw.githubusercontent.com/alex-randles/Change-Detection-System-Examples/main/version_2_files/loans-v1.csv
157,490,insert,2023-04-13 16:13:10.224211,Male,,Gender,,1,https://raw.githubusercontent.com/alex-randles/Change-Detection-System-Examples/main/version_1_files/loans-v1.csv,https://raw.githubusercontent.com/alex-randles/Change-Detection-System-Examples/main/version_2_files/loans-v1.csv
158,491,insert,2023-04-13 16:13:10.224211,Yes,,Married,,1,https://raw.githubusercontent.com/alex-randles/Change-Detection-System-Examples/main/version_1_files/loans-v1.csv,https://raw.githubusercontent.com/alex-randles/Change-Detection-System-Examples/main/version_2_files/loans-v1.csv
159,492,insert,2023-04-13 16:13:10.224211,3+,,Dependents,,1,https://raw.githubusercontent.com/alex-randles/Change-Detection-System-Examples/main/version_1_files/loans-v1.csv,https://raw.githubusercontent.com/alex-randles/Change-Detection-System-Examples/main/version_2_files/loans-v1.csv
160,493,insert,2023-04-13 16:13:10.224211,Not Graduate,,Education,,1,https://raw.githubusercontent.com/alex-randles/Change-Detection-System-Examples/main/version_1_files/loans-v1.csv,https://raw.githubusercontent.com/alex-randles/Change-Detection-System-Examples/main/version_2_files/loans-v1.csv
161,494,insert,2023-04-13 16:13:10.224211,Yes,,Self_Employed,,1,https://raw.githubusercontent.com/alex-randles/Change-Detection-System-Examples/main/version_1_files/loans-v1.csv,https://raw.githubusercontent.com/alex-randles/Change-Detection-System-Examples/main/version_2_files/loans-v1.csv
162,495,insert,2023-04-13 16:13:10.224211,800000,,Applicant_Income,,1,https://raw.githubusercontent.com/alex-randles/Change-Detection-System-Examples/main/version_1_files/loans-v1.csv,https://raw.githubusercontent.com/alex-randles/Change-Detection-System-Examples/main/version_2_files/loans-v1.csv
163,496,insert,2023-04-13 16:13:10.224211,25000,,Coapplicant_Income,,1,https://raw.githubusercontent.com/alex-randles/Change-Detection-System-Examples/main/version_1_files/loans-v1.csv,https://raw.githubusercontent.com/alex-randles/Change-Detection-System-Examples/main/version_2_files/loans-v1.csv
164,497,insert,2023-04-13 16:13:10.224211,18700000,,Loan_Amount,,1,https://raw.githubusercontent.com/alex-randles/Change-Detection-System-Examples/main/version_1_files/loans-v1.csv,https://raw.githubusercontent.com/alex-randles/Change-Detection-System-Examples/main/version_2_files/loans-v1.csv
165,498,insert,2023-04-13 16:13:10.224211,360,,Term,,1,https://raw.githubusercontent.com/alex-randles/Change-Detection-System-Examples/main/version_1_files/loans-v1.csv,https://raw.githubusercontent.com/alex-randles/Change-Detection-System-Examples/main/version_2_files/loans-v1.csv
166,499,insert,2023-04-13 16:13:10.224211,1,,Credit_History,,1,https://raw.githubusercontent.com/alex-randles/Change-Detection-System-Examples/main/version_1_files/loans-v1.csv,https://raw.githubusercontent.com/alex-randles/Change-Detection-System-Examples/main/version_2_files/loans-v1.csv
167,500,insert,2023-04-13 16:13:10.224211,Male,,Gender,,1,https://raw.githubusercontent.com/alex-randles/Change-Detection-System-Examples/main/version_1_files/loans-v1.csv,https://raw.githubusercontent.com/alex-randles/Change-Detection-System-Examples/main/version_2_files/loans-v1.csv
168,501,insert,2023-04-13 16:13:10.224211,Yes,,Married,,1,https://raw.githubusercontent.com/alex-randles/Change-Detection-System-Examples/main/version_1_files/loans-v1.csv,https://raw.githubusercontent.com/alex-randles/Change-Detection-System-Examples/main/version_2_files/loans-v1.csv
169,502,insert,2023-04-13 16:13:10.224211,1,,Dependents,,1,https://raw.githubusercontent.com/alex-randles/Change-Detection-System-Examples/main/version_1_files/loans-v1.csv,https://raw.githubusercontent.com/alex-randles/Change-Detection-System-Examples/main/version_2_files/loans-v1.csv
170,503,insert,2023-04-13 16:13:10.224211,Graduate,,Education,,1,https://raw.githubusercontent.com/alex-randles/Change-Detection-System-Examples/main/version_1_files/loans-v1.csv,https://raw.githubusercontent.com/alex-randles/Change-Detection-System-Examples/main/version_2_files/loans-v1.csv
171,504,insert,2023-04-13 16:13:10.224211,No,,Self_Employed,,1,https://raw.githubusercontent.com/alex-randles/Change-Detection-System-Examples/main/version_1_files/loans-v1.csv,https://raw.githubusercontent.com/alex-randles/Change-Detection-System-Examples/main/version_2_files/loans-v1.csv
172,505,insert,2023-04-13 16:13:10.224211,241900,,Applicant_Income,,1,https://raw.githubusercontent.com/alex-randles/Change-Detection-System-Examples/main/version_1_files/loans-v1.csv,https://raw.githubusercontent.com/alex-randles/Change-Detection-System-Examples/main/version_2_files/loans-v1.csv
173,506,insert,2023-04-13 16:13:10.224211,170700,,Coapplicant_Income,,1,https://raw.githubusercontent.com/alex-randles/Change-Detection-System-Examples/main/version_1_files/loans-v1.csv,https://raw.githubusercontent.com/alex-randles/Change-Detection-System-Examples/main/version_2_files/loans-v1.csv
174,507,insert,2023-04-13 16:13:10.224211,12400000,,Loan_Amount,,1,https://raw.githubusercontent.com/alex-randles/Change-Detection-System-Examples/main/version_1_files/loans-v1.csv,https://raw.githubusercontent.com/alex-randles/Change-Detection-System-Examples/main/version_2_files/loans-v1.csv
175,508,insert,2023-04-13 16:13:10.224211,360,,Term,,1,https://raw.githubusercontent.com/alex-randles/Change-Detection-System-Examples/main/version_1_files/loans-v1.csv,https://raw.githubusercontent.com/alex-randles/Change-Detection-System-Examples/main/version_2_files/loans-v1.csv
176,509,insert,2023-04-13 16:13:10.224211,1,,Credit_History,,1,https://raw.githubusercontent.com/alex-randles/Change-Detection-System-Examples/main/version_1_files/loans-v1.csv,https://raw.githubusercontent.com/alex-randles/Change-Detection-System-Examples/main/version_2_files/loans-v1.csv
177,510,insert,2023-04-13 16:13:10.224211,,,Gender,,1,https://raw.githubusercontent.com/alex-randles/Change-Detection-System-Examples/main/version_1_files/loans-v1.csv,https://raw.githubusercontent.com/alex-randles/Change-Detection-System-Examples/main/version_2_files/loans-v1.csv
178,511,insert,2023-04-13 16:13:10.224211,Yes,,Married,,1,https://raw.githubusercontent.com/alex-randles/Change-Detection-System-Examples/main/version_1_files/loans-v1.csv,https://raw.githubusercontent.com/alex-randles/Change-Detection-System-Examples/main/version_2_files/loans-v1.csv
179,512,insert,2023-04-13 16:13:10.224211,3+,,Dependents,,1,https://raw.githubusercontent.com/alex-randles/Change-Detection-System-Examples/main/version_1_files/loans-v1.csv,https://raw.githubusercontent.com/alex-randles/Change-Detection-System-Examples/main/version_2_files/loans-v1.csv
180,513,insert,2023-04-13 16:13:10.224211,Not Graduate,,Education,,1,https://raw.githubusercontent.com/alex-randles/Change-Detection-System-Examples/main/version_1_files/loans-v1.csv,https://raw.githubusercontent.com/alex-randles/Change-Detection-System-Examples/main/version_2_files/loans-v1.csv
181,514,insert,2023-04-13 16:13:10.224211,No,,Self_Employed,,1,https://raw.githubusercontent.com/alex-randles/Change-Detection-System-Examples/main/version_1_files/loans-v1.csv,https://raw.githubusercontent.com/alex-randles/Change-Detection-System-Examples/main/version_2_files/loans-v1.csv
182,515,insert,2023-04-13 16:13:10.224211,350000,,Applicant_Income,,1,https://raw.githubusercontent.com/alex-randles/Change-Detection-System-Examples/main/version_1_files/loans-v1.csv,https://raw.githubusercontent.com/alex-randles/Change-Detection-System-Examples/main/version_2_files/loans-v1.csv
183,516,insert,2023-04-13 16:13:10.224211,83300,,Coapplicant_Income,,1,https://raw.githubusercontent.com/alex-randles/Change-Detection-System-Examples/main/version_1_files/loans-v1.csv,https://raw.githubusercontent.com/alex-randles/Change-Detection-System-Examples/main/version_2_files/loans-v1.csv
184,517,insert,2023-04-13 16:13:10.224211,12000000,,Loan_Amount,,1,https://raw.githubusercontent.com/alex-randles/Change-Detection-System-Examples/main/version_1_files/loans-v1.csv,https://raw.githubusercontent.com/alex-randles/Change-Detection-System-Examples/main/version_2_files/loans-v1.csv
185,518,insert,2023-04-13 16:13:10.224211,360,,Term,,1,https://raw.githubusercontent.com/alex-randles/Change-Detection-System-Examples/main/version_1_files/loans-v1.csv,https://raw.githubusercontent.com/alex-randles/Change-Detection-System-Examples/main/version_2_files/loans-v1.csv
186,519,insert,2023-04-13 16:13:10.224211,1,,Credit_History,,1,https://raw.githubusercontent.com/alex-randles/Change-Detection-System-Examples/main/version_1_files/loans-v1.csv,https://raw.githubusercontent.com/alex-randles/Change-Detection-System-Examples/main/version_2_files/loans-v1.csv
187,520,insert,2023-04-13 16:13:10.224211,Male,,Gender,,1,https://raw.githubusercontent.com/alex-randles/Change-Detection-System-Examples/main/version_1_files/loans-v1.csv,https://raw.githubusercontent.com/alex-randles/Change-Detection-System-Examples/main/version_2_files/loans-v1.csv
188,521,insert,2023-04-13 16:13:10.224211,Yes,,Married,,1,https://raw.githubusercontent.com/alex-randles/Change-Detection-System-Examples/main/version_1_files/loans-v1.csv,https://raw.githubusercontent.com/alex-randles/Change-Detection-System-Examples/main/version_2_files/loans-v1.csv
189,522,insert,2023-04-13 16:13:10.224211,1,,Dependents,,1,https://raw.githubusercontent.com/alex-randles/Change-Detection-System-Examples/main/version_1_files/loans-v1.csv,https://raw.githubusercontent.com/alex-randles/Change-Detection-System-Examples/main/version_2_files/loans-v1.csv
190,523,insert,2023-04-13 16:13:10.224211,Graduate,,Education,,1,https://raw.githubusercontent.com/alex-randles/Change-Detection-System-Examples/main/version_1_files/loans-v1.csv,https://raw.githubusercontent.com/alex-randles/Change-Detection-System-Examples/main/version_2_files/loans-v1.csv
191,524,insert,2023-04-13 16:13:10.224211,No,,Self_Employed,,1,https://raw.githubusercontent.com/alex-randles/Change-Detection-System-Examples/main/version_1_files/loans-v1.csv,https://raw.githubusercontent.com/alex-randles/Change-Detection-System-Examples/main/version_2_files/loans-v1.csv
192,525,insert,2023-04-13 16:13:10.224211,350000,,Applicant_Income,,1,https://raw.githubusercontent.com/alex-randles/Change-Detection-System-Examples/main/version_1_files/loans-v1.csv,https://raw.githubusercontent.com/alex-randles/Change-Detection-System-Examples/main/version_2_files/loans-v1.csv
193,526,insert,2023-04-13 16:13:10.224211,307700,,Coapplicant_Income,,1,https://raw.githubusercontent.com/alex-randles/Change-Detection-System-Examples/main/version_1_files/loans-v1.csv,https://raw.githubusercontent.com/alex-randles/Change-Detection-System-Examples/main/version_2_files/loans-v1.csv
194,527,insert,2023-04-13 16:13:10.224211,16000000,,Loan_Amount,,1,https://raw.githubusercontent.com/alex-randles/Change-Detection-System-Examples/main/version_1_files/loans-v1.csv,https://raw.githubusercontent.com/alex-randles/Change-Detection-System-Examples/main/version_2_files/loans-v1.csv
195,528,insert,2023-04-13 16:13:10.224211,360,,Term,,1,https://raw.githubusercontent.com/alex-randles/Change-Detection-System-Examples/main/version_1_files/loans-v1.csv,https://raw.githubusercontent.com/alex-randles/Change-Detection-System-Examples/main/version_2_files/loans-v1.csv
196,529,insert,2023-04-13 16:13:10.224211,1,,Credit_History,,1,https://raw.githubusercontent.com/alex-randles/Change-Detection-System-Examples/main/version_1_files/loans-v1.csv,https://raw.githubusercontent.com/alex-randles/Change-Detection-System-Examples/main/version_2_files/loans-v1.csv
197,530,insert,2023-04-13 16:13:10.224211,Male,,Gender,,1,https://raw.githubusercontent.com/alex-randles/Change-Detection-System-Examples/main/version_1_files/loans-v1.csv,https://raw.githubusercontent.com/alex-randles/Change-Detection-System-Examples/main/version_2_files/loans-v1.csv
198,531,insert,2023-04-13 16:13:10.224211,Yes,,Married,,1,https://raw.githubusercontent.com/alex-randles/Change-Detection-System-Examples/main/version_1_files/loans-v1.csv,https://raw.githubusercontent.com/alex-randles/Change-Detection-System-Examples/main/version_2_files/loans-v1.csv
199,532,insert,2023-04-13 16:13:10.224211,2,,Dependents,,1,https://raw.githubusercontent.com/alex-randles/Change-Detection-System-Examples/main/version_1_files/loans-v1.csv,https://raw.githubusercontent.com/alex-randles/Change-Detection-System-Examples/main/version_2_files/loans-v1.csv
200,533,insert,2023-04-13 16:13:10.224211,Graduate,,Education,,1,https://raw.githubusercontent.com/alex-randles/Change-Detection-System-Examples/main/version_1_files/loans-v1.csv,https://raw.githubusercontent.com/alex-randles/Change-Detection-System-Examples/main/version_2_files/loans-v1.csv
201,534,insert,2023-04-13 16:13:10.224211,No,,Self_Employed,,1,https://raw.githubusercontent.com/alex-randles/Change-Detection-System-Examples/main/version_1_files/loans-v1.csv,https://raw.githubusercontent.com/alex-randles/Change-Detection-System-Examples/main/version_2_files/loans-v1.csv
202,535,insert,2023-04-13 16:13:10.224211,411600,,Applicant_Income,,1,https://raw.githubusercontent.com/alex-randles/Change-Detection-System-Examples/main/version_1_files/loans-v1.csv,https://raw.githubusercontent.com/alex-randles/Change-Detection-System-Examples/main/version_2_files/loans-v1.csv
203,536,insert,2023-04-13 16:13:10.224211,100000,,Coapplicant_Income,,1,https://raw.githubusercontent.com/alex-randles/Change-Detection-System-Examples/main/version_1_files/loans-v1.csv,https://raw.githubusercontent.com/alex-randles/Change-Detection-System-Examples/main/version_2_files/loans-v1.csv
204,537,insert,2023-04-13 16:13:10.224211,3000000,,Loan_Amount,,1,https://raw.githubusercontent.com/alex-randles/Change-Detection-System-Examples/main/version_1_files/loans-v1.csv,https://raw.githubusercontent.com/alex-randles/Change-Detection-System-Examples/main/version_2_files/loans-v1.csv
205,538,insert,2023-04-13 16:13:10.224211,180,,Term,,1,https://raw.githubusercontent.com/alex-randles/Change-Detection-System-Examples/main/version_1_files/loans-v1.csv,https://raw.githubusercontent.com/alex-randles/Change-Detection-System-Examples/main/version_2_files/loans-v1.csv
206,539,insert,2023-04-13 16:13:10.224211,1,,Credit_History,,1,https://raw.githubusercontent.com/alex-randles/Change-Detection-System-Examples/main/version_1_files/loans-v1.csv,https://raw.githubusercontent.com/alex-randles/Change-Detection-System-Examples/main/version_2_files/loans-v1.csv
207,540,insert,2023-04-13 16:13:10.224211,Male,,Gender,,1,https://raw.githubusercontent.com/alex-randles/Change-Detection-System-Examples/main/version_1_files/loans-v1.csv,https://raw.githubusercontent.com/alex-randles/Change-Detection-System-Examples/main/version_2_files/loans-v1.csv
208,541,insert,2023-04-13 16:13:10.224211,Yes,,Married,,1,https://raw.githubusercontent.com/alex-randles/Change-Detection-System-Examples/main/version_1_files/loans-v1.csv,https://raw.githubusercontent.com/alex-randles/Change-Detection-System-Examples/main/version_2_files/loans-v1.csv
209,542,insert,2023-04-13 16:13:10.224211,0,,Dependents,,1,https://raw.githubusercontent.com/alex-randles/Change-Detection-System-Examples/main/version_1_files/loans-v1.csv,https://raw.githubusercontent.com/alex-randles/Change-Detection-System-Examples/main/version_2_files/loans-v1.csv
210,543,insert,2023-04-13 16:13:10.224211,Not Graduate,,Education,,1,https://raw.githubusercontent.com/alex-randles/Change-Detection-System-Examples/main/version_1_files/loans-v1.csv,https://raw.githubusercontent.com/alex-randles/Change-Detection-System-Examples/main/version_2_files/loans-v1.csv
211,544,insert,2023-04-13 16:13:10.224211,Yes,,Self_Employed,,1,https://raw.githubusercontent.com/alex-randles/Change-Detection-System-Examples/main/version_1_files/loans-v1.csv,https://raw.githubusercontent.com/alex-randles/Change-Detection-System-Examples/main/version_2_files/loans-v1.csv
212,545,insert,2023-04-13 16:13:10.224211,529300,,Applicant_Income,,1,https://raw.githubusercontent.com/alex-randles/Change-Detection-System-Examples/main/version_1_files/loans-v1.csv,https://raw.githubusercontent.com/alex-randles/Change-Detection-System-Examples/main/version_2_files/loans-v1.csv
213,546,insert,2023-04-13 16:13:10.224211,0,,Coapplicant_Income,,1,https://raw.githubusercontent.com/alex-randles/Change-Detection-System-Examples/main/version_1_files/loans-v1.csv,https://raw.githubusercontent.com/alex-randles/Change-Detection-System-Examples/main/version_2_files/loans-v1.csv
214,547,insert,2023-04-13 16:13:10.224211,9200000,,Loan_Amount,,1,https://raw.githubusercontent.com/alex-randles/Change-Detection-System-Examples/main/version_1_files/loans-v1.csv,https://raw.githubusercontent.com/alex-randles/Change-Detection-System-Examples/main/version_2_files/loans-v1.csv
215,548,insert,2023-04-13 16:13:10.224211,360,,Term,,1,https://raw.githubusercontent.com/alex-randles/Change-Detection-System-Examples/main/version_1_files/loans-v1.csv,https://raw.githubusercontent.com/alex-randles/Change-Detection-System-Examples/main/version_2_files/loans-v1.csv
216,549,insert,2023-04-13 16:13:10.224211,1,,Credit_History,,1,https://raw.githubusercontent.com/alex-randles/Change-Detection-System-Examples/main/version_1_files/loans-v1.csv,https://raw.githubusercontent.com/alex-randles/Change-Detection-System-Examples/main/version_2_files/loans-v1.csv
217,550,insert,2023-04-13 16:13:10.224211,Male,,Gender,,1,https://raw.githubusercontent.com/alex-randles/Change-Detection-System-Examples/main/version_1_files/loans-v1.csv,https://raw.githubusercontent.com/alex-randles/Change-Detection-System-Examples/main/version_2_files/loans-v1.csv
218,551,insert,2023-04-13 16:13:10.224211,No,,Married,,1,https://raw.githubusercontent.com/alex-randles/Change-Detection-System-Examples/main/version_1_files/loans-v1.csv,https://raw.githubusercontent.com/alex-randles/Change-Detection-System-Examples/main/version_2_files/loans-v1.csv
219,552,insert,2023-04-13 16:13:10.224211,0,,Dependents,,1,https://raw.githubusercontent.com/alex-randles/Change-Detection-System-Examples/main/version_1_files/loans-v1.csv,https://raw.githubusercontent.com/alex-randles/Change-Detection-System-Examples/main/version_2_files/loans-v1.csv
220,553,insert,2023-04-13 16:13:10.224211,Graduate,,Education,,1,https://raw.githubusercontent.com/alex-randles/Change-Detection-System-Examples/main/version_1_files/loans-v1.csv,https://raw.githubusercontent.com/alex-randles/Change-Detection-System-Examples/main/version_2_files/loans-v1.csv
221,554,insert,2023-04-13 16:13:10.224211,No,,Self_Employed,,1,https://raw.githubusercontent.com/alex-randles/Change-Detection-System-Examples/main/version_1_files/loans-v1.csv,https://raw.githubusercontent.com/alex-randles/Change-Detection-System-Examples/main/version_2_files/loans-v1.csv
222,555,insert,2023-04-13 16:13:10.224211,275000,,Applicant_Income,,1,https://raw.githubusercontent.com/alex-randles/Change-Detection-System-Examples/main/version_1_files/loans-v1.csv,https://raw.githubusercontent.com/alex-randles/Change-Detection-System-Examples/main/version_2_files/loans-v1.csv
223,556,insert,2023-04-13 16:13:10.224211,0,,Coapplicant_Income,,1,https://raw.githubusercontent.com/alex-randles/Change-Detection-System-Examples/main/version_1_files/loans-v1.csv,https://raw.githubusercontent.com/alex-randles/Change-Detection-System-Examples/main/version_2_files/loans-v1.csv
224,557,insert,2023-04-13 16:13:10.224211,13000000,,Loan_Amount,,1,https://raw.githubusercontent.com/alex-randles/Change-Detection-System-Examples/main/version_1_files/loans-v1.csv,https://raw.githubusercontent.com/alex-randles/Change-Detection-System-Examples/main/version_2_files/loans-v1.csv
225,558,insert,2023-04-13 16:13:10.224211,360,,Term,,1,https://raw.githubusercontent.com/alex-randles/Change-Detection-System-Examples/main/version_1_files/loans-v1.csv,https://raw.githubusercontent.com/alex-randles/Change-Detection-System-Examples/main/version_2_files/loans-v1.csv
226,559,insert,2023-04-13 16:13:10.224211,0,,Credit_History,,1,https://raw.githubusercontent.com/alex-randles/Change-Detection-System-Examples/main/version_1_files/loans-v1.csv,https://raw.githubusercontent.com/alex-randles/Change-Detection-System-Examples/main/version_2_files/loans-v1.csv
227,560,insert,2023-04-13 16:13:10.224211,Female,,Gender,,1,https://raw.githubusercontent.com/alex-randles/Change-Detection-System-Examples/main/version_1_files/loans-v1.csv,https://raw.githubusercontent.com/alex-randles/Change-Detection-System-Examples/main/version_2_files/loans-v1.csv
228,561,insert,2023-04-13 16:13:10.224211,No,,Married,,1,https://raw.githubusercontent.com/alex-randles/Change-Detection-System-Examples/main/version_1_files/loans-v1.csv,https://raw.githubusercontent.com/alex-randles/Change-Detection-System-Examples/main/version_2_files/loans-v1.csv
229,562,insert,2023-04-13 16:13:10.224211,0,,Dependents,,1,https://raw.githubusercontent.com/alex-randles/Change-Detection-System-Examples/main/version_1_files/loans-v1.csv,https://raw.githubusercontent.com/alex-randles/Change-Detection-System-Examples/main/version_2_files/loans-v1.csv
230,563,insert,2023-04-13 16:13:10.224211,Not Graduate,,Education,,1,https://raw.githubusercontent.com/alex-randles/Change-Detection-System-Examples/main/version_1_files/loans-v1.csv,https://raw.githubusercontent.com/alex-randles/Change-Detection-System-Examples/main/version_2_files/loans-v1.csv
231,564,insert,2023-04-13 16:13:10.224211,No,,Self_Employed,,1,https://raw.githubusercontent.com/alex-randles/Change-Detection-System-Examples/main/version_1_files/loans-v1.csv,https://raw.githubusercontent.com/alex-randles/Change-Detection-System-Examples/main/version_2_files/loans-v1.csv
232,565,insert,2023-04-13 16:13:10.224211,440200,,Applicant_Income,,1,https://raw.githubusercontent.com/alex-randles/Change-Detection-System-Examples/main/version_1_files/loans-v1.csv,https://raw.githubusercontent.com/alex-randles/Change-Detection-System-Examples/main/version_2_files/loans-v1.csv
233,566,insert,2023-04-13 16:13:10.224211,0,,Coapplicant_Income,,1,https://raw.githubusercontent.com/alex-randles/Change-Detection-System-Examples/main/version_1_files/loans-v1.csv,https://raw.githubusercontent.com/alex-randles/Change-Detection-System-Examples/main/version_2_files/loans-v1.csv
234,567,insert,2023-04-13 16:13:10.224211,13000000,,Loan_Amount,,1,https://raw.githubusercontent.com/alex-randles/Change-Detection-System-Examples/main/version_1_files/loans-v1.csv,https://raw.githubusercontent.com/alex-randles/Change-Detection-System-Examples/main/version_2_files/loans-v1.csv
235,568,insert,2023-04-13 16:13:10.224211,360,,Term,,1,https://raw.githubusercontent.com/alex-randles/Change-Detection-System-Examples/main/version_1_files/loans-v1.csv,https://raw.githubusercontent.com/alex-randles/Change-Detection-System-Examples/main/version_2_files/loans-v1.csv
236,569,insert,2023-04-13 16:13:10.224211,1,,Credit_History,,1,https://raw.githubusercontent.com/alex-randles/Change-Detection-System-Examples/main/version_1_files/loans-v1.csv,https://raw.githubusercontent.com/alex-randles/Change-Detection-System-Examples/main/version_2_files/loans-v1.csv
237,570,insert,2023-04-13 16:13:10.224211,Male,,Gender,,1,https://raw.githubusercontent.com/alex-randles/Change-Detection-System-Examples/main/version_1_files/loans-v1.csv,https://raw.githubusercontent.com/alex-randles/Change-Detection-System-Examples/main/version_2_files/loans-v1.csv
238,571,insert,2023-04-13 16:13:10.224211,Yes,,Married,,1,https://raw.githubusercontent.com/alex-randles/Change-Detection-System-Examples/main/version_1_files/loans-v1.csv,https://raw.githubusercontent.com/alex-randles/Change-Detection-System-Examples/main/version_2_files/loans-v1.csv
239,572,insert,2023-04-13 16:13:10.224211,2,,Dependents,,1,https://raw.githubusercontent.com/alex-randles/Change-Detection-System-Examples/main/version_1_files/loans-v1.csv,https://raw.githubusercontent.com/alex-randles/Change-Detection-System-Examples/main/version_2_files/loans-v1.csv
240,573,insert,2023-04-13 16:13:10.224211,Graduate,,Education,,1,https://raw.githubusercontent.com/alex-randles/Change-Detection-System-Examples/main/version_1_files/loans-v1.csv,https://raw.githubusercontent.com/alex-randles/Change-Detection-System-Examples/main/version_2_files/loans-v1.csv
241,574,insert,2023-04-13 16:13:10.224211,No,,Self_Employed,,1,https://raw.githubusercontent.com/alex-randles/Change-Detection-System-Examples/main/version_1_files/loans-v1.csv,https://raw.githubusercontent.com/alex-randles/Change-Detection-System-Examples/main/version_2_files/loans-v1.csv
242,575,insert,2023-04-13 16:13:10.224211,361300,,Applicant_Income,,1,https://raw.githubusercontent.com/alex-randles/Change-Detection-System-Examples/main/version_1_files/loans-v1.csv,https://raw.githubusercontent.com/alex-randles/Change-Detection-System-Examples/main/version_2_files/loans-v1.csv
243,576,insert,2023-04-13 16:13:10.224211,353900,,Coapplicant_Income,,1,https://raw.githubusercontent.com/alex-randles/Change-Detection-System-Examples/main/version_1_files/loans-v1.csv,https://raw.githubusercontent.com/alex-randles/Change-Detection-System-Examples/main/version_2_files/loans-v1.csv
244,577,insert,2023-04-13 16:13:10.224211,13400000,,Loan_Amount,,1,https://raw.githubusercontent.com/alex-randles/Change-Detection-System-Examples/main/version_1_files/loans-v1.csv,https://raw.githubusercontent.com/alex-randles/Change-Detection-System-Examples/main/version_2_files/loans-v1.csv
245,578,insert,2023-04-13 16:13:10.224211,180,,Term,,1,https://raw.githubusercontent.com/alex-randles/Change-Detection-System-Examples/main/version_1_files/loans-v1.csv,https://raw.githubusercontent.com/alex-randles/Change-Detection-System-Examples/main/version_2_files/loans-v1.csv
246,579,insert,2023-04-13 16:13:10.224211,1,,Credit_History,,1,https://raw.githubusercontent.com/alex-randles/Change-Detection-System-Examples/main/version_1_files/loans-v1.csv,https://raw.githubusercontent.com/alex-randles/Change-Detection-System-Examples/main/version_2_files/loans-v1.csv
247,580,insert,2023-04-13 16:13:10.224211,Female,,Gender,,1,https://raw.githubusercontent.com/alex-randles/Change-Detection-System-Examples/main/version_1_files/loans-v1.csv,https://raw.githubusercontent.com/alex-randles/Change-Detection-System-Examples/main/version_2_files/loans-v1.csv
248,581,insert,2023-04-13 16:13:10.224211,Yes,,Married,,1,https://raw.githubusercontent.com/alex-randles/Change-Detection-System-Examples/main/version_1_files/loans-v1.csv,https://raw.githubusercontent.com/alex-randles/Change-Detection-System-Examples/main/version_2_files/loans-v1.csv
249,582,insert,2023-04-13 16:13:10.224211,2,,Dependents,,1,https://raw.githubusercontent.com/alex-randles/Change-Detection-System-Examples/main/version_1_files/loans-v1.csv,https://raw.githubusercontent.com/alex-randles/Change-Detection-System-Examples/main/version_2_files/loans-v1.csv
250,583,insert,2023-04-13 16:13:10.224211,Graduate,,Education,,1,https://raw.githubusercontent.com/alex-randles/Change-Detection-System-Examples/main/version_1_files/loans-v1.csv,https://raw.githubusercontent.com/alex-randles/Change-Detection-System-Examples/main/version_2_files/loans-v1.csv
251,584,insert,2023-04-13 16:13:10.224211,No,,Self_Employed,,1,https://raw.githubusercontent.com/alex-randles/Change-Detection-System-Examples/main/version_1_files/loans-v1.csv,https://raw.githubusercontent.com/alex-randles/Change-Detection-System-Examples/main/version_2_files/loans-v1.csv
252,585,insert,2023-04-13 16:13:10.224211,277900,,Applicant_Income,,1,https://raw.githubusercontent.com/alex-randles/Change-Detection-System-Examples/main/version_1_files/loans-v1.csv,https://raw.githubusercontent.com/alex-randles/Change-Detection-System-Examples/main/version_2_files/loans-v1.csv
253,586,insert,2023-04-13 16:13:10.224211,366400,,Coapplicant_Income,,1,https://raw.githubusercontent.com/alex-randles/Change-Detection-System-Examples/main/version_1_files/loans-v1.csv,https://raw.githubusercontent.com/alex-randles/Change-Detection-System-Examples/main/version_2_files/loans-v1.csv
254,587,insert,2023-04-13 16:13:10.224211,17600000,,Loan_Amount,,1,https://raw.githubusercontent.com/alex-randles/Change-Detection-System-Examples/main/version_1_files/loans-v1.csv,https://raw.githubusercontent.com/alex-randles/Change-Detection-System-Examples/main/version_2_files/loans-v1.csv
255,588,insert,2023-04-13 16:13:10.224211,360,,Term,,1,https://raw.githubusercontent.com/alex-randles/Change-Detection-System-Examples/main/version_1_files/loans-v1.csv,https://raw.githubusercontent.com/alex-randles/Change-Detection-System-Examples/main/version_2_files/loans-v1.csv
256,589,insert,2023-04-13 16:13:10.224211,0,,Credit_History,,1,https://raw.githubusercontent.com/alex-randles/Change-Detection-System-Examples/main/version_1_files/loans-v1.csv,https://raw.githubusercontent.com/alex-randles/Change-Detection-System-Examples/main/version_2_files/loans-v1.csv
257,960,insert,2023-04-13 16:13:10.224211,Married,Columns,,,1,https://raw.githubusercontent.com/alex-randles/Change-Detection-System-Examples/main/version_1_files/loans-v1.csv,https://raw.githubusercontent.com/alex-randles/Change-Detection-System-Examples/main/version_2_files/loans-v1.csv
258,599,delete,2023-04-13 16:13:10.224211,Urban,,Area,,1,https://raw.githubusercontent.com/alex-randles/Change-Detection-System-Examples/main/version_1_files/loans-v1.csv,https://raw.githubusercontent.com/alex-randles/Change-Detection-System-Examples/main/version_2_files/loans-v1.csv
259,609,delete,2023-04-13 16:13:10.224211,Urban,,Area,,1,https://raw.githubusercontent.com/alex-randles/Change-Detection-System-Examples/main/version_1_files/loans-v1.csv,https://raw.githubusercontent.com/alex-randles/Change-Detection-System-Examples/main/version_2_files/loans-v1.csv
260,619,delete,2023-04-13 16:13:10.224211,Urban,,Area,,1,https://raw.githubusercontent.com/alex-randles/Change-Detection-System-Examples/main/version_1_files/loans-v1.csv,https://raw.githubusercontent.com/alex-randles/Change-Detection-System-Examples/main/version_2_files/loans-v1.csv
261,629,delete,2023-04-13 16:13:10.224211,Urban,,Area,,1,https://raw.githubusercontent.com/alex-randles/Change-Detection-System-Examples/main/version_1_files/loans-v1.csv,https://raw.githubusercontent.com/alex-randles/Change-Detection-System-Examples/main/version_2_files/loans-v1.csv
262,639,delete,2023-04-13 16:13:10.224211,Urban,,Area,,1,https://raw.githubusercontent.com/alex-randles/Change-Detection-System-Examples/main/version_1_files/loans-v1.csv,https://raw.githubusercontent.com/alex-randles/Change-Detection-System-Examples/main/version_2_files/loans-v1.csv
263,649,delete,2023-04-13 16:13:10.224211,Urban,,Area,,1,https://raw.githubusercontent.com/alex-randles/Change-Detection-System-Examples/main/version_1_files/loans-v1.csv,https://raw.githubusercontent.com/alex-randles/Change-Detection-System-Examples/main/version_2_files/loans-v1.csv
264,659,delete,2023-04-13 16:13:10.224211,Semiurban,,Area,,1,https://raw.githubusercontent.com/alex-randles/Change-Detection-System-Examples/main/version_1_files/loans-v1.csv,https://raw.githubusercontent.com/alex-randles/Change-Detection-System-Examples/main/version_2_files/loans-v1.csv
265,669,delete,2023-04-13 16:13:10.224211,Rural,,Area,,1,https://raw.githubusercontent.com/alex-randles/Change-Detection-System-Examples/main/version_1_files/loans-v1.csv,https://raw.githubusercontent.com/alex-randles/Change-Detection-System-Examples/main/version_2_files/loans-v1.csv
266,679,delete,2023-04-13 16:13:10.224211,Urban,,Area,,1,https://raw.githubusercontent.com/alex-randles/Change-Detection-System-Examples/main/version_1_files/loans-v1.csv,https://raw.githubusercontent.com/alex-randles/Change-Detection-System-Examples/main/version_2_files/loans-v1.csv
267,689,delete,2023-04-13 16:13:10.224211,Semiurban,,Area,,1,https://raw.githubusercontent.com/alex-randles/Change-Detection-System-Examples/main/version_1_files/loans-v1.csv,https://raw.githubusercontent.com/alex-randles/Change-Detection-System-Examples/main/version_2_files/loans-v1.csv
268,699,delete,2023-04-13 16:13:10.224211,Urban,,Area,,1,https://raw.githubusercontent.com/alex-randles/Change-Detection-System-Examples/main/version_1_files/loans-v1.csv,https://raw.githubusercontent.com/alex-randles/Change-Detection-System-Examples/main/version_2_files/loans-v1.csv
269,709,delete,2023-04-13 16:13:10.224211,Semiurban,,Area,,1,https://raw.githubusercontent.com/alex-randles/Change-Detection-System-Examples/main/version_1_files/loans-v1.csv,https://raw.githubusercontent.com/alex-randles/Change-Detection-System-Examples/main/version_2_files/loans-v1.csv
270,719,delete,2023-04-13 16:13:10.224211,Urban,,Area,,1,https://raw.githubusercontent.com/alex-randles/Change-Detection-System-Examples/main/version_1_files/loans-v1.csv,https://raw.githubusercontent.com/alex-randles/Change-Detection-System-Examples/main/version_2_files/loans-v1.csv
271,729,delete,2023-04-13 16:13:10.224211,Semiurban,,Area,,1,https://raw.githubusercontent.com/alex-randles/Change-Detection-System-Examples/main/version_1_files/loans-v1.csv,https://raw.githubusercontent.com/alex-randles/Change-Detection-System-Examples/main/version_2_files/loans-v1.csv
272,739,delete,2023-04-13 16:13:10.224211,Semiurban,,Area,,1,https://raw.githubusercontent.com/alex-randles/Change-Detection-System-Examples/main/version_1_files/loans-v1.csv,https://raw.githubusercontent.com/alex-randles/Change-Detection-System-Examples/main/version_2_files/loans-v1.csv
273,749,delete,2023-04-13 16:13:10.224211,Urban,,Area,,1,https://raw.githubusercontent.com/alex-randles/Change-Detection-System-Examples/main/version_1_files/loans-v1.csv,https://raw.githubusercontent.com/alex-randles/Change-Detection-System-Examples/main/version_2_files/loans-v1.csv
274,759,delete,2023-04-13 16:13:10.224211,Urban,,Area,,1,https://raw.githubusercontent.com/alex-randles/Change-Detection-System-Examples/main/version_1_files/loans-v1.csv,https://raw.githubusercontent.com/alex-randles/Change-Detection-System-Examples/main/version_2_files/loans-v1.csv
275,769,delete,2023-04-13 16:13:10.224211,Semiurban,,Area,,1,https://raw.githubusercontent.com/alex-randles/Change-Detection-System-Examples/main/version_1_files/loans-v1.csv,https://raw.githubusercontent.com/alex-randles/Change-Detection-System-Examples/main/version_2_files/loans-v1.csv
276,779,delete,2023-04-13 16:13:10.224211,Urban,,Area,,1,https://raw.githubusercontent.com/alex-randles/Change-Detection-System-Examples/main/version_1_files/loans-v1.csv,https://raw.githubusercontent.com/alex-randles/Change-Detection-System-Examples/main/version_2_files/loans-v1.csv
277,789,delete,2023-04-13 16:13:10.224211,Semiurban,,Area,,1,https://raw.githubusercontent.com/alex-randles/Change-Detection-System-Examples/main/version_1_files/loans-v1.csv,https://raw.githubusercontent.com/alex-randles/Change-Detection-System-Examples/main/version_2_files/loans-v1.csv
278,799,delete,2023-04-13 16:13:10.224211,Urban,,Area,,1,https://raw.githubusercontent.com/alex-randles/Change-Detection-System-Examples/main/version_1_files/loans-v1.csv,https://raw.githubusercontent.com/alex-randles/Change-Detection-System-Examples/main/version_2_files/loans-v1.csv
279,809,delete,2023-04-13 16:13:10.224211,Urban,,Area,,1,https://raw.githubusercontent.com/alex-randles/Change-Detection-System-Examples/main/version_1_files/loans-v1.csv,https://raw.githubusercontent.com/alex-randles/Change-Detection-System-Examples/main/version_2_files/loans-v1.csv
280,819,delete,2023-04-13 16:13:10.224211,Urban,,Area,,1,https://raw.githubusercontent.com/alex-randles/Change-Detection-System-Examples/main/version_1_files/loans-v1.csv,https://raw.githubusercontent.com/alex-randles/Change-Detection-System-Examples/main/version_2_files/loans-v1.csv
281,829,delete,2023-04-13 16:13:10.224211,Urban,,Area,,1,https://raw.githubusercontent.com/alex-randles/Change-Detection-System-Examples/main/version_1_files/loans-v1.csv,https://raw.githubusercontent.com/alex-randles/Change-Detection-System-Examples/main/version_2_files/loans-v1.csv
282,839,delete,2023-04-13 16:13:10.224211,Urban,,Area,,1,https://raw.githubusercontent.com/alex-randles/Change-Detection-System-Examples/main/version_1_files/loans-v1.csv,https://raw.githubusercontent.com/alex-randles/Change-Detection-System-Examples/main/version_2_files/loans-v1.csv
283,849,delete,2023-04-13 16:13:10.224211,Rural,,Area,,1,https://raw.githubusercontent.com/alex-randles/Change-Detection-System-Examples/main/version_1_files/loans-v1.csv,https://raw.githubusercontent.com/alex-randles/Change-Detection-System-Examples/main/version_2_files/loans-v1.csv
284,859,delete,2023-04-13 16:13:10.224211,Urban,,Area,,1,https://raw.githubusercontent.com/alex-randles/Change-Detection-System-Examples/main/version_1_files/loans-v1.csv,https://raw.githubusercontent.com/alex-randles/Change-Detection-System-Examples/main/version_2_files/loans-v1.csv
285,869,delete,2023-04-13 16:13:10.224211,Urban,,Area,,1,https://raw.githubusercontent.com/alex-randles/Change-Detection-System-Examples/main/version_1_files/loans-v1.csv,https://raw.githubusercontent.com/alex-randles/Change-Detection-System-Examples/main/version_2_files/loans-v1.csv
286,879,delete,2023-04-13 16:13:10.224211,Semiurban,,Area,,1,https://raw.githubusercontent.com/alex-randles/Change-Detection-System-Examples/main/version_1_files/loans-v1.csv,https://raw.githubusercontent.com/alex-randles/Change-Detection-System-Examples/main/version_2_files/loans-v1.csv
287,889,delete,2023-04-13 16:13:10.224211,Urban,,Area,,1,https://raw.githubusercontent.com/alex-randles/Change-Detection-System-Examples/main/version_1_files/loans-v1.csv,https://raw.githubusercontent.com/alex-randles/Change-Detection-System-Examples/main/version_2_files/loans-v1.csv
288,899,delete,2023-04-13 16:13:10.224211,Semiurban,,Area,,1,https://raw.githubusercontent.com/alex-randles/Change-Detection-System-Examples/main/version_1_files/loans-v1.csv,https://raw.githubusercontent.com/alex-randles/Change-Detection-System-Examples/main/version_2_files/loans-v1.csv
289,909,delete,2023-04-13 16:13:10.224211,Urban,,Area,,1,https://raw.githubusercontent.com/alex-randles/Change-Detection-System-Examples/main/version_1_files/loans-v1.csv,https://raw.githubusercontent.com/alex-randles/Change-Detection-System-Examples/main/version_2_files/loans-v1.csv
290,919,delete,2023-04-13 16:13:10.224211,Semiurban,,Area,,1,https://raw.githubusercontent.com/alex-randles/Change-Detection-System-Examples/main/version_1_files/loans-v1.csv,https://raw.githubusercontent.com/alex-randles/Change-Detection-System-Examples/main/version_2_files/loans-v1.csv
291,929,delete,2023-04-13 16:13:10.224211,Urban,,Area,,1,https://raw.githubusercontent.com/alex-randles/Change-Detection-System-Examples/main/version_1_files/loans-v1.csv,https://raw.githubusercontent.com/alex-randles/Change-Detection-System-Examples/main/version_2_files/loans-v1.csv
292,939,delete,2023-04-13 16:13:10.224211,Urban,,Area,,1,https://raw.githubusercontent.com/alex-randles/Change-Detection-System-Examples/main/version_1_files/loans-v1.csv,https://raw.githubusercontent.com/alex-randles/Change-Detection-System-Examples/main/version_2_files/loans-v1.csv
293,949,delete,2023-04-13 16:13:10.224211,Semiurban,,Area,,1,https://raw.githubusercontent.com/alex-randles/Change-Detection-System-Examples/main/version_1_files/loans-v1.csv,https://raw.githubusercontent.com/alex-randles/Change-Detection-System-Examples/main/version_2_files/loans-v1.csv
294,959,delete,2023-04-13 16:13:10.224211,Urban,,Area,,1,https://raw.githubusercontent.com/alex-randles/Change-Detection-System-Examples/main/version_1_files/loans-v1.csv,https://raw.githubusercontent.com/alex-randles/Change-Detection-System-Examples/main/version_2_files/loans-v1.csv
295,961,delete,2023-04-13 16:13:10.224211,Area,Columns,,,1,https://raw.githubusercontent.com/alex-randles/Change-Detection-System-Examples/main/version_1_files/loans-v1.csv,https://raw.githubusercontent.com/alex-randles/Change-Detection-System-Examples/main/version_2_files/loans-v1.csv
